Running the NRNs,
Running the NRNs,Setting up the NRN
Running the NRNs,NRN Operation
Running the NRNs,NRN Self-assessment
Running the NRNs,Networking added value
NRN Objectives,
NRN Objectives,Increasing stakeholder involvement
NRN Objectives,Improving RDP implementation
NRN Objectives,Informing the broader public
NRN Objectives,Fostering innovation
NRN Tasks,
NRN Tasks,Collection of examples
NRN Tasks,Thematic & analytical exchanges
NRN Tasks,LAGs and cooperation
NRN Tasks,Advisors & innovation support services
NRN Tasks,Monitoring & evaluation findings
NRN Tasks,Communication
NRN Tasks,Contribution to the ENRD
